[
  {
    "jid": "120363040355799497@g.us",
    "msg": "Adeus"
  },
  {
    "jid": "120363021654964794@g.us",
    "msg": "⏤͟͟͞͞𝐔𝐌 𝐓𝐑𝐀𝐈𝐃𝚯𝐑 𝐃𝚫 \n𝐂𝐀𝐏𝐈𝐓𝐀𝐋 𝐒𝐀𝐈𝐔 𝑽𝚯𝐔 𝐌𝐀𝐓𝐀-𝐋𝚯 𝐂𝛳𝐌 𝐀 𝐌𝐔𝐑𝚫𝐒𝐀𝐌𝐄 ✗🩸🔥"
  },
  {
    "jid": "120363043472940661@g.us",
    "msg": " ⏤͟͟͞͞𝐔𝐌 𝐓𝐑𝐀𝐈𝐃𝚯𝐑 𝐃𝚫 𝐂𝐀𝐏𝐈𝐓𝐀𝐋 𝐒𝐀𝐈𝐔 𝑽𝚯𝐔 𝐌𝐀𝐓𝐀-𝐋𝚯 𝐂𝛳𝐌 𝐀 𝐌𝐔𝐑𝚫𝐒𝐀𝐌𝐄 ✗🩸🔥"
  },
  {
    "jid": "120363038979031751@g.us",
    "msg": "*💦 Adeus Humano:* #numerodele#\nQue Deus Te Elimine... \nDigo, ilumine..."
  }
]
