[
  {
    "jid": "120363022171499896@g.us",
    "msg": "#prefixo#\n\n#descrição#\n\nK"
  },
  {
    "jid": "5521995420952-1625539709@g.us",
    "msg": "Olá: #numerodele#\n\nSeja bem-vindo(a) a tropa do Paizão a casa da mamãe Pika e do Sem Rastro\n\nGrupo: #nomedogp#\n\nLeia as regras e seja feliz..."
  },
  {
    "jid": "558198923680-1627981807@g.us",
    "msg": "Bem vindo(a) Gostosa"
  },
  {
    "jid": "120363038074484507@g.us",
    "msg": "blabla"
  },
  {
    "jid": "553195829419-1618436345@g.us",
    "msg": "Bem-vindos \nLEIAM AS REGRAS E DIVIRTAM-SE"
  },
  {
    "jid": "559193352555-1626914856@g.us",
    "msg": "Olá, Seja bem vindo ao grupo : #nomedogp#\n\nEste grupo foi criado com a intenção de conter uma interação através de figurinhas/sticker, leia as regras para evitar constrangimento."
  },
  {
    "jid": "120363040355799497@g.us",
    "msg": "Olá seja bem vindo(a) ao grupo #numerodele#"
  },
  {
    "jid": "120363021654964794@g.us",
    "msg": "ᬊ͜͡𝐒𝐄𝐉𝜟 𝐁𝐄𝐌 𝑽𝐈𝐍𝐃𝚯(𝜟) \n𝐀 𝐍𝐈𝐆𝐇𝐓 𝐑𝐀𝐈𝐃⛥ ᭄🩸"
  },
  {
    "jid": "120363043472940661@g.us",
    "msg": "ᬊ͜͡𝐒𝐄𝐉𝜟 𝐁𝐄𝐌 𝑽𝐈𝐍𝐃𝚯(𝜟) 𝐀 𝐍𝐈𝐆𝐇𝐓 𝐑𝐀𝐈𝐃⛥ ᭄🩸"
  },
  {
    "jid": "120363040028316797@g.us",
    "msg": "saiu um ghost"
  },
  {
    "jid": "120363022910096664@g.us",
    "msg": "Bem vindo(a) ao grupo :\n🔥⃟🔥𝚩𝜟𝐓𝚵 𝐏𝚫𝐏𝜣 🔥⃝🔥\n👾 •𝑬𝑵𝑻𝑹𝑶𝑼 𝑺𝑬 𝑨𝑷𝑹𝑬𝑺𝑬𝑵𝑻𝑨•\n📸 •F𝜣T𝜣 ( 𝗢𝗣𝗖𝗜𝗢𝗡𝗔𝗟)\n👻 •N𝜣ME\n🗓️ •ID∆DE\n⚠️ •LEI∆ ∆S REGR∆S D𝜣 GRUP𝜣"
  },
  {
    "jid": "120363038979031751@g.us",
    "msg": "*👤 OLÁ HUMANO:* #numerodele#\n*💦SEJA BEM VINDO AO MEU GRUPO*\n*💦DIGITE:* /MENU\n\n#descrição#"
  }
]
